ma_so,ten_kh
LD0001,Nguyễn Văn An
LD0002,Trần Thị Bình
LD0003,Lê Minh Châu
LD0004,Phạm Quốc Dũng
LD0005,Hoàng Thu Hà
LD0006,Phan Đức Huy
LD0007,Vũ Ngọc Lan
LD0008,Võ Thành Long
LD0009,Đặng Mai Anh
LD0010,Bùi Gia Bảo
LD0011,Đỗ Khánh Chi
LD0012,Hồ Tiến Đạt
LD0013,Ngô Thanh Hằng
LD0014,Dương Quang Hiếu
LD0015,Lý Bảo Ngọc
LD0016,Nguyễn Hoàng Nam
LD0017,Trần Minh Phương
LD0018,Lê Anh Quân
LD0019,Phạm Thảo Trang
LD0020,Hoàng Xuân Trường
LD0021,Phan Ngọc Ánh
LD0022,Vũ Tuấn Kiệt
LD0023,Võ Hải Yến
LD0024,Đặng Đức Anh
LD0025,Bùi Thanh Tâm
LD0026,Đỗ Mỹ Linh
LD0027,Hồ Quốc Bảo
LD0028,Ngô Minh Khang
LD0029,Dương Thu Hương
LD0030,Lý Thành Công
LD0031,Nguyễn Nhật Minh
LD0032,Trần Ngọc Mai
LD0033,Lê Quốc Khánh
LD0034,Phạm Gia Hân
LD0035,Hoàng Minh Tuấn
LD0036,Phan Thùy Dung
LD0037,Vũ Đức Thịnh
LD0038,Võ Ngọc Diệp
LD0039,Đặng Anh Khoa
LD0040,Bùi Phương Thảo
LD0041,Đỗ Hải Đăng
LD0042,Hồ Thanh Vân
LD0043,Ngô Quốc Việt
LD0044,Dương Minh Thư
LD0045,Lý Tuấn Anh
LD0046,Nguyễn Bích Ngọc
LD0047,Trần Hoàng Sơn
LD0048,Lê Thu Uyên
LD0049,Phạm Minh Đức
LD0050,Hoàng Ngọc Trâm
LD0051,Phan Quốc Trung
LD0052,Vũ Thanh Nhàn
LD0053,Võ Anh Tú
LD0054,Đặng Thu Hiền
LD0055,Bùi Minh Nhật
LD0056,Đỗ Ngọc Hân
LD0057,Hồ Gia Khiêm
LD0058,Ngô Phương Linh
LD0059,Dương Đức Mạnh
LD0060,Lý Thanh Nga
LD0061,Nguyễn Quang Huy
LD0062,Trần Mai Phương
LD0063,Lê Thành Đạt
LD0064,Phạm Khánh Vy
LD0065,Hoàng Anh Duy
LD0066,Phan Minh Châu
LD0067,Vũ Quốc Hưng
LD0068,Võ Thùy Anh
LD0069,Đặng Minh Hoàng
LD0070,Bùi Ngọc Quỳnh
LD0071,Đỗ Anh Tuấn
LD0072,Hồ Minh Tâm
LD0073,Ngô Thu Trang
LD0074,Dương Quốc Thái
LD0075,Lý Hải An
LD0076,Nguyễn Thanh Hà
LD0077,Trần Đức Long
LD0078,Lê Bảo Trân
LD0079,Phạm Quang Vinh
LD0080,Hoàng Thị Oanh
LD0081,Phan Gia Minh
LD0082,Vũ Khánh Hòa
LD0083,Võ Quốc Cường
LD0084,Đặng Ngọc Anh
LD0085,Bùi Thanh Bình
LD0086,Đỗ Minh Hương
LD0087,Hồ Anh Khôi
LD0088,Ngô Bảo Châu
LD0089,Dương Thanh Phong
LD0090,Lý Ngọc Thảo
LD0091,Nguyễn Đức Tài
LD0092,Trần Khánh Linh
LD0093,Lê Minh Triết
LD0094,Phạm Thu Giang
LD0095,Hoàng Quốc Toàn
LD0096,Phan Bích Phương
LD0097,Vũ Minh Hiếu
LD0098,Võ Thanh Trúc
LD0099,Đặng Quốc An
LD0100,Bùi Ngọc Yến
